id,buy_price_by_area
21742,1520.1318
21741,1806.1105
21738,2081.0708
21731,2181.8467
21723,1612.3549
21715,2272.4912
21710,1757.261
21708,1690.3013
21707,1487.8417
21701,1543.4552
21696,2131.2078
21694,1823.8497
21684,2158.076
21680,2181.0376
21679,2121.3347
21677,2366.0566
21665,2265.3965
21664,2316.4038
21659,2407.1208
21646,1674.4795
21644,2041.3223
21628,2192.5525
21620,2305.0996
21618,2231.0527
21617,2207.3225
21607,2519.0203
21606,2302.475
21600,1837.053
21597,3005.9785
21594,2692.0068
21591,2148.8877
21590,2071.6748
21584,1377.022
21580,2577.8025
21577,2136.8254
21576,1347.1875
21575,2031.1409
21574,2226.4377
21563,1612.3549
21558,1531.9219
21557,5349.2256
21554,2287.0137
21552,1690.084
21544,2206.4868
21537,1883.4188
21536,1527.4193
21531,1789.5776
21512,1661.5933
21500,1874.994
21499,1776.8468
21498,1401.5822
21497,1720.1696
21494,1320.4521
21492,1800.025
21490,1618.048
21489,1786.5326
21486,1783.286
21466,1763.585
21457,1876.6981
21456,1936.2448
21454,1431.9697
21437,1912.3865
21428,1825.8545
21418,1807.9937
21400,2168.8906
21397,1726.3451
21391,1563.7277
21390,1611.5397
21380,2197.661
21374,2636.0024
21372,1652.0895
21360,2587.92
21358,1710.3007
21353,1444.1421
21348,1271.2643
21334,2453.0178
21316,1909.4321
21314,2443.3198
21306,1384.5922
21302,2261.13
21299,2305.872
21298,2151.4072
21290,1753.84
21288,1685.2974
21286,1400.8396
21281,1856.7019
21277,1434.2856
21276,1974.1115
21270,2192.3596
21267,959.35156
21266,2435.8416
21263,1614.9939
21252,1551.2194
21251,1610.5393
21245,1509.2137
21243,2250.3582
21242,1847.0686
21234,1849.8351
21233,2014.3748
21229,2649.6938
21224,1649.2026
21216,2615.868
21214,1848.5336
21209,1553.836
21206,1703.1088
21205,1641.4121
21203,1491.769
21198,1363.5928
21197,2453.7502
21189,2112.679
21188,1485.4128
21186,1997.0002
21180,1443.7864
21178,1773.0
21174,1345.3218
21166,1410.9781
21158,2589.4775
21149,1649.2026
21146,1532.1866
21144,2203.1243
21138,1488.2003
21134,1586.7972
21131,2358.6794
21129,1993.0195
21126,1513.056
21124,2124.6316
21118,1875.585
21111,2047.5223
21108,1852.4972
21105,3078.9836
21103,1645.6924
21098,2185.1829
21096,2082.1487
21094,3387.554
21086,2675.4084
21083,2438.1086
21072,2284.1577
21070,2452.4646
21061,1830.5101
21060,2292.9238
21059,2384.6262
21057,1804.6102
21055,2650.0083
21054,1697.9763
21052,1774.1299
21051,1146.9224
21040,1735.1871
21038,1950.4814
21037,1893.3113
21034,2253.7136
21029,2006.5369
21020,1759.0559
21019,1599.2008
21017,1510.2981
21010,1859.4879
21004,1480.7827
21003,1771.5518
21002,2315.976
21001,1599.7263
21000,1769.3666
20994,1942.3627
20984,1151.0599
20982,1780.386
20976,2768.338
20972,1175.1838
20968,1691.309
20967,2407.1208
20965,3305.5117
20964,2665.603
20959,2382.1272
20950,2002.4392
20948,2604.055
20946,1723.493
20945,2063.176
20944,2667.251
20930,2357.3005
20929,3125.9346
20908,2814.661
20907,3040.1
20906,3223.9038
20904,2155.5774
20900,2002.6504
20888,2813.053
20886,3025.9087
20885,2695.2988
20884,2564.8262
20882,2536.5305
20879,2403.3015
20875,2399.4666
20866,2665.659
20863,2030.093
20853,2057.8962
20852,1999.0049
20846,2257.6833
20844,2022.7012
20841,2494.348
20831,2613.04
20800,2391.894
20798,2345.4336
20796,2537.1
20793,3221.625
20786,2546.366
20783,2768.732
20778,2416.9429
20776,2842.203
20770,3040.1
20769,3040.1
20762,3041.6104
20760,2935.6594
20754,2935.6594
20747,1989.4681
20740,2665.4255
20736,2736.1177
20735,2477.2249
20733,1885.2981
20729,1949.9213
20720,2370.5378
20719,2030.6837
20707,2268.5337
20703,2818.5024
20700,1964.7407
20697,2915.169
20694,2056.2427
20691,2214.5227
20688,3507.1992
20686,2661.7944
20685,2082.588
20680,1989.4188
20672,1879.6052
20671,1596.8914
20670,2253.3643
20661,2498.9778
20660,2318.8179
20654,2243.773
20652,2404.8896
20650,2295.0916
20649,2265.1042
20641,1975.5349
20639,2464.9658
20634,2659.966
20630,2659.966
20629,2647.228
20620,1556.5338
20615,2881.482
20601,2496.3455
20598,1956.603
20596,2659.966
20593,2876.8972
20592,2498.966
20571,3462.045
20567,2248.5332
20561,2231.3147
20554,3055.1758
20545,2386.8425
20543,2685.3164
20542,2626.443
20541,2739.5698
20537,2300.7441
20536,2367.0916
20534,2305.8423
20531,2562.885
20529,2587.063
20525,3335.377
20523,2734.9375
20519,2127.6348
20517,2229.08
20516,2151.0996
20511,2175.4531
20510,2269.3562
20508,2689.0664
20498,2494.035
20490,2269.4954
20478,3020.4648
20475,1642.7804
20461,2663.4475
20452,1928.2606
20448,2648.6736
20443,2624.8035
20442,4059.1335
20440,2424.3108
20428,2507.267
20420,2771.8813
20417,2250.522
20411,2904.584
20410,3228.9736
20401,1748.821
20381,1863.2827
20378,1918.416
20372,1600.2501
20369,1939.0103
20363,2404.6108
20351,2024.1166
20345,3001.189
20343,2678.0608
20342,2326.6074
20341,2430.2417
20330,2332.808
20320,2457.6614
20319,2630.1235
20318,3408.7502
20316,2649.6118
20311,2693.8462
20306,1783.5426
20301,1881.1202
20299,2612.9248
20296,3056.1814
20291,2234.3184
20273,2655.4321
20264,2196.3533
20253,2678.8687
20252,2618.8748
20251,2608.1543
20250,2716.8618
20248,2835.434
20247,4012.4133
20246,1808.9065
20245,2018.6453
20241,1807.4844
20237,1702.4905
20227,1860.928
20225,2393.5117
20223,1694.48
20219,1798.9752
20212,3088.4644
20204,3194.0613
20203,3033.2856
20185,1897.1161
20184,2732.218
20174,2450.3984
20159,2312.2446
20153,3069.2876
20148,2985.0833
20147,2464.8713
20135,1559.4429
20126,1941.0051
20120,3468.8892
20105,3217.0898
20093,3053.9556
20092,3189.1077
20090,2444.383
20084,2584.4924
20081,2440.515
20066,2619.213
20063,1989.4106
20062,3489.2295
20061,2112.9658
20048,2595.4973
20042,2770.246
20034,3037.8735
20017,2875.462
20011,2824.231
20010,2225.0105
20004,2292.5564
20003,1447.6553
19996,2599.3987
19990,2693.8462
19989,2509.887
19984,2762.6294
19973,2823.4895
19969,2730.683
19961,3070.3652
19960,2050.8018
19952,2911.1714
19949,3095.6135
19944,2914.978
19938,2748.8198
19924,1807.3999
19923,2600.0432
19913,2469.626
19904,2513.511
19903,2055.252
19901,2113.8213
19898,2613.5466
19887,1882.111
19883,1642.1167
19865,2740.2666
19861,1848.1852
19860,2249.4763
19858,1882.111
19848,2072.9106
19839,2760.6765
19826,1891.1592
19824,1751.3625
19822,1760.975
19810,2117.1086
19804,1853.9175
19801,2148.58
19793,2397.2698
19791,1668.5182
19785,2730.9534
19767,2117.2104
19757,3120.5586
19750,1934.5525
19748,2356.9592
19747,2347.1343
19744,1941.0848
19743,2687.8394
19737,1847.703
19722,2134.9985
19720,2330.6702
19719,2719.7551
19715,2223.384
19714,2252.28
19713,2001.8639
19709,2203.3938
19708,1939.7286
19703,1877.3488
19702,2028.1002
19698,2495.5479
19687,2283.0686
19686,2286.812
19685,1523.9507
19684,2251.9412
19682,1885.6174
19675,1981.2842
19674,2175.1228
19671,2040.4485
19670,2394.2717
19668,2349.1924
19661,2636.148
19659,2032.946
19656,2531.4712
19655,2612.7812
19654,2499.5864
19650,1664.7936
19645,1575.992
19636,1962.0469
19635,1420.5144
19632,3042.8145
19631,2386.7463
19614,1714.4955
19610,3449.3958
19608,2722.1445
19600,2015.9677
19596,2050.1875
19583,1675.4612
19581,2134.0315
19572,2767.4487
19560,2296.0972
19558,2305.4106
19554,1282.5178
19545,2225.0518
19544,2241.085
19536,1468.7407
19516,2052.1052
19499,2195.8005
19494,2702.747
19488,1316.315
19473,2092.0068
19466,1962.3073
19463,1813.6881
19461,2012.8744
19460,1715.234
19457,2628.7798
19442,2987.9944
19439,1827.0211
19434,1991.4683
19421,1103.9766
19410,1273.6036
19409,2885.5813
19401,1934.5525
19398,1929.1146
19392,1913.6035
19389,2075.4202
19384,1872.9309
19381,1577.838
19380,3172.7312
19373,1327.5629
19367,3073.8352
19366,2263.272
19356,1455.4467
19348,3829.7998
19344,1600.819
19343,2036.9235
19341,1241.8596
19338,2247.0137
19324,3598.6829
19322,4347.746
19316,2288.2817
19314,1851.3165
19310,2042.0651
19307,1578.0771
19294,2619.6123
19291,2046.0795
19287,2326.1323
19284,2107.7139
19271,1762.1465
19264,2117.332
19261,2457.1094
19260,2171.3242
19257,1502.016
19249,3735.9163
19242,4882.8105
19241,3463.0576
19229,3383.1863
19225,5061.852
19220,5621.6094
19206,4279.3716
19203,4104.839
19195,3682.9595
19192,4153.8257
19184,4318.357
19165,4316.9253
19154,3819.7466
19152,4718.0684
19131,2953.339
19126,4402.7886
19120,3380.4968
19111,4188.369
19106,3812.9502
19101,3614.4016
19100,5266.0938
19098,4435.151
19097,3082.719
19095,3607.161
19094,5371.5757
19089,1970.658
19085,3870.9966
19083,3465.1963
19081,3465.1963
19075,3346.0647
19068,4197.1724
19063,4075.25
19061,6791.2974
19057,4491.7314
19042,4797.69
19032,4056.058
19030,4707.9688
19027,3233.657
19024,2844.6853
19020,4315.5186
19019,3330.9414
19018,4171.8184
19013,3067.5806
19012,6125.6074
19009,6162.355
19008,4398.229
19007,5479.5386
19004,3436.642
18990,3908.4834
18988,3913.22
18978,4188.9165
18975,3916.59
18967,3978.3342
18961,4661.545
18959,3521.0898
18952,3723.3843
18951,4020.8076
18944,4002.8752
18938,3913.3945
18935,4428.152
18932,4322.8066
18931,3872.6165
18924,4245.8496
18921,3861.1914
18912,3911.9663
18911,5169.06
18907,2626.7874
18894,3593.4016
18891,3297.1448
18886,4355.7236
18880,4723.1533
18869,4194.8105
18868,4941.4043
18865,4393.051
18861,4012.2139
18857,3071.5889
18854,3860.836
18842,3351.3662
18841,3404.0146
18836,3005.539
18831,3191.427
18821,4235.8374
18820,4573.4585
18810,3430.2502
18808,3845.1738
18805,5121.353
18802,3773.4707
18797,2803.3982
18796,3821.3865
18792,5302.395
18788,4820.514
18782,3871.3496
18781,3383.2644
18777,6895.8647
18772,4185.706
18769,3360.6191
18765,4200.2773
18764,4139.3647
18762,5109.6426
18757,3754.934
18754,4424.002
18744,2798.1372
18742,3528.5498
18740,3602.7078
18738,5089.3916
18736,3615.9211
18732,4892.5254
18730,4072.892
18706,4281.392
18700,4414.881
18695,2456.4634
18693,3008.5498
18689,3449.8318
18683,2886.8848
18676,4469.2837
18663,5291.445
18656,3607.357
18648,3443.8467
18645,3763.419
18636,3729.439
18632,4259.9497
18631,4833.2485
18630,3760.5278
18626,4233.255
18625,4593.0347
18620,4509.5474
18617,4304.2617
18610,4189.696
18595,3391.0178
18587,3934.433
18586,4377.373
18583,3733.6094
18582,4250.983
18578,3723.0823
18569,5309.039
18558,5326.9907
18548,4287.7617
18547,1970.658
18546,5126.495
18545,3666.7444
18542,3435.7622
18539,2988.617
18535,3088.4504
18524,5048.825
18518,3787.4497
18512,4871.4595
18502,3733.18
18497,3560.9448
18496,2706.3586
18495,4376.4067
18493,4607.524
18482,3944.0952
18474,3836.3613
18464,4582.596
18460,2811.3496
18457,2739.617
18443,3399.3137
18438,4235.748
18424,3267.6768
18419,4343.3667
18418,3377.6787
18417,2366.7104
18415,3717.6272
18414,4018.3872
18395,5282.143
18393,3706.7734
18385,3636.4421
18381,4320.1865
18373,6734.359
18372,4726.482
18369,4467.3726
18366,4764.684
18358,4558.4653
18354,3455.4707
18352,5446.097
18351,3455.4707
18350,3230.6165
18338,5010.127
18336,5152.046
18335,4081.3604
18332,3396.6082
18329,4146.5024
18319,4867.247
18318,4885.7144
18317,5038.963
18310,4554.037
18308,3679.2817
18306,3841.9912
18305,3557.1213
18304,3572.7676
18301,3591.0842
18300,3726.4543
18292,4971.8813
18284,2305.3
18254,3829.2986
18249,4239.3125
18245,2618.2417
18244,4790.627
18232,3892.1904
18229,5334.764
18228,3990.8896
18227,3144.3755
18226,2959.2925
18217,3139.6982
18215,4784.6396
18214,4184.0664
18203,3421.2068
18196,4587.071
18195,3948.009
18194,4239.3125
18192,4122.593
18190,3742.7432
18188,4918.6504
18172,7123.0137
18166,4162.496
18165,4673.163
18162,3077.4885
18161,4134.332
18160,3315.326
18138,3934.433
18136,4269.801
18127,3260.7485
18126,5114.303
18115,4494.2056
18114,4983.1855
18110,3196.0237
18108,3596.0388
18102,2059.6228
18082,4924.0854
18071,3289.7212
18069,3822.8198
18056,5502.555
18047,5312.5767
18045,4196.118
18044,3636.163
18043,3383.9814
18030,4698.856
18013,4508.7144
18008,5743.777
17996,3507.3796
17995,3812.0608
17993,7123.0137
17980,2885.7336
17975,3566.8267
17969,3435.763
17961,4508.7144
17959,2823.9316
17958,4998.5527
17957,3091.8508
17952,5778.8965
17951,3343.9944
17947,3802.8838
17940,4422.079
17921,4110.509
17917,4800.9077
17916,3884.2354
17912,4299.669
17908,7480.645
17905,4723.161
17899,4870.953
17895,5764.981
17890,4843.2935
17888,3668.6274
17885,5989.651
17872,8935.147
17869,5903.631
17868,4052.6448
17864,4081.8687
17860,4090.339
17853,6086.655
17852,3936.4539
17845,4157.6523
17843,7296.0938
17838,4763.6987
17835,4334.998
17833,5370.839
17825,7110.2114
17823,3961.265
17816,6535.438
17810,5301.8013
17805,3952.049
17799,5623.0376
17798,5279.995
17795,4459.2905
17787,3241.279
17786,4428.77
17780,3967.7712
17774,5564.42
17755,3845.743
17746,5843.087
17744,6190.0576
17721,3904.9475
17718,5883.2744
17713,3970.9937
17705,8037.776
17704,4397.891
17689,6535.133
17688,3631.794
17686,4065.5332
17679,4193.653
17673,4403.4136
17672,5280.9224
17666,3986.1042
17664,6619.3755
17659,4882.054
17654,8271.791
17650,4336.6807
17638,5325.4194
17636,4103.281
17635,4047.1248
17631,4246.009
17613,4550.464
17611,4057.1267
17609,6560.3403
17605,4373.2314
17602,3758.0146
17601,7855.8003
17587,9086.53
17586,5623.0376
17585,4153.0586
17582,8043.055
17568,6926.64
17566,4020.2344
17565,5684.758
17536,7887.019
17533,3978.606
17532,5089.776
17528,3502.0107
17525,4392.3027
17522,4761.9224
17519,5049.7783
17518,5584.177
17517,4244.5386
17516,4889.4517
17515,5421.9473
17510,4434.2886
17507,3529.3682
17506,3468.8914
17504,3787.2551
17486,4013.0864
17473,5370.539
17468,7325.54
17463,5404.3843
17459,3872.641
17457,4604.5664
17450,3586.967
17442,8519.344
17435,6108.4214
17431,3572.8667
17424,3927.2458
17423,3588.453
17422,8597.519
17415,5436.2393
17396,5244.7495
17394,6472.3115
17390,4031.9583
17383,9114.489
17378,4357.308
17377,4342.5063
17369,3911.5574
17365,4923.95
17359,5013.292
17358,5517.9966
17355,4541.914
17351,6304.359
17348,5120.666
17336,5212.6323
17335,4444.2915
17332,3862.2654
17331,4755.41
17329,4574.621
17327,4887.481
17324,5972.006
17323,5035.8794
17320,7811.871
17315,5678.0127
17311,5650.6
17303,4399.4526
17287,6066.334
17278,7855.8003
17274,4413.832
17270,4176.312
17265,6056.5723
17263,4178.4473
17261,6875.0503
17259,3794.6123
17249,4232.1865
17248,4346.7407
17237,5309.984
17235,4260.8237
17233,5691.571
17229,4001.1934
17223,4350.874
17210,4396.008
17209,4439.136
17208,6863.3325
17197,6754.6304
17194,5446.645
17191,9624.6045
17186,3920.0286
17185,3522.8286
17182,4461.003
17179,5762.235
17174,3948.0735
17169,4132.9756
17166,6166.8022
17164,4519.3037
17163,5766.338
17162,4074.0347
17161,4011.4158
17158,4819.0117
17155,5700.901
17152,4623.0913
17142,8244.054
17130,6915.465
17123,3751.923
17113,3898.9011
17097,2405.3293
17093,2549.9004
17092,2371.655
17084,2018.4877
17078,1963.2003
17074,838.63605
17070,2148.0557
17057,2091.3308
17055,1797.1576
17052,2141.6106
17051,1999.1151
17049,2169.0261
17048,1608.2654
17047,1269.6636
17046,1671.24
17044,1764.2417
17042,1866.4824
17033,1943.0278
17029,2073.2002
17023,2899.0063
17022,1896.3711
17016,2039.95
17015,2065.526
17009,2753.245
17005,1638.1102
16996,2115.2031
16983,2317.581
16963,2109.324
16961,1904.6843
16959,1947.6622
16954,1940.0175
16946,2347.6724
16944,1633.5236
16943,1618.7439
16936,1539.7584
16924,1990.52
16922,2186.0386
16914,3135.97
16907,2502.0024
16905,1975.4904
16904,2553.618
16903,2445.7227
16900,1433.0525
16898,3004.0066
16889,2183.664
16888,1775.8239
16884,2022.1978
16878,1470.3264
16871,2080.0564
16860,2512.0774
16854,1238.5726
16842,2085.144
16839,2863.0896
16836,1845.9882
16830,3132.5056
16823,2254.8794
16818,1705.2068
16809,3492.9348
16803,2335.36
16797,2213.2903
16790,2466.1736
16789,1708.7727
16786,2253.4275
16779,2296.4797
16778,1656.3844
16764,1225.4269
16755,1832.5979
16753,2004.6311
16750,2087.2166
16745,1822.9847
16744,3443.151
16739,1716.6332
16733,2034.0798
16731,1257.9435
16725,1233.3185
16720,1532.6887
16714,2125.7456
16713,2104.1172
16702,1728.1554
16699,1850.3966
16696,2144.5232
16695,2061.6777
16691,1783.7002
16689,1576.6724
16687,1975.2343
16683,2530.3433
16682,1641.5416
16671,2589.3516
16666,1748.0223
16664,2854.718
16661,3046.3816
16658,2186.0261
16652,1775.7764
16649,2284.1135
16638,2316.3057
16630,2163.0486
16627,1698.9241
16625,1943.4608
16624,1921.1636
16617,1534.2379
16615,2940.2505
16607,2222.7324
16595,2317.839
16593,1985.639
16592,1910.8606
16591,2196.0703
16590,2373.2385
16587,1782.6471
16585,2137.8586
16581,2345.3254
16577,2071.4746
16574,2235.6338
16567,2915.894
16561,1859.5
16545,1958.2795
16544,2867.4849
16537,1316.0381
16532,2604.073
16530,1728.9585
16523,1846.7458
16514,1912.015
16507,2259.5586
16506,1581.7623
16503,2130.4912
16489,1684.2289
16484,2750.0889
16482,1762.0824
16480,1425.891
16479,1772.4725
16470,2068.9053
16462,1870.982
16461,2031.3934
16449,2894.9014
16448,2253.3838
16444,1701.2822
16441,1779.8815
16437,1437.5773
16430,2364.3286
16429,2009.4425
16425,1968.7455
16419,1575.3895
16418,2408.4683
16413,1800.2123
16412,1841.7522
16409,2001.4231
16408,1959.4146
16399,1695.7648
16391,2213.9983
16390,1723.796
16388,1174.611
16362,1321.9232
16360,2309.9272
16358,1641.0773
16355,2024.975
16354,2743.656
16348,3200.0723
16346,2787.7434
16345,2777.263
16340,2468.5256
16334,2054.1843
16333,1974.81
16327,2127.7327
16325,2202.3625
16319,1641.7406
16316,1965.1201
16311,1914.9741
16305,2491.7708
16303,2342.0007
16296,2098.9348
16290,1730.6581
16286,2125.2163
16282,2203.6147
16277,2529.169
16273,1954.7443
16271,2767.9932
16264,2086.9111
16262,1833.8462
16254,1683.8921
16249,1717.4371
16247,1687.3121
16240,1958.5525
16226,1976.7063
16225,1627.3911
16224,1924.225
16214,2189.9263
16205,1705.2147
16200,2066.172
16194,2172.4265
16192,2149.0635
16188,2255.839
16184,3207.1648
16181,2252.5176
16178,2355.3103
16169,1927.0399
16167,735.9974
16155,1876.5896
16152,2473.0527
16142,2046.6495
16139,2121.6377
16121,2361.448
16119,2315.0862
16118,2012.2495
16113,1641.5643
16111,2149.0737
16109,1323.6819
16098,1668.9497
16092,2933.5686
16086,1665.9052
16085,1879.3757
16077,1936.4955
16065,2110.8513
16052,2002.2227
16041,2530.9385
16039,2468.3215
16036,1962.2744
16031,4038.6538
16027,2932.031
16019,8648.362
16010,3314.2268
16007,4138.4795
16000,4002.5002
15994,2246.9702
15990,2292.6843
15987,2474.7654
15985,3080.1099
15983,3360.0947
15982,2922.4277
15965,2707.5305
15964,3513.611
15963,2922.4277
15958,2905.1133
15951,2495.0515
15947,2784.7683
15946,2922.4277
15940,2312.9033
15933,2476.9944
15920,2955.4443
15918,2821.8682
15915,3035.5261
15909,2984.9924
15903,2429.3215
15899,2921.0718
15888,3058.929
15887,3058.929
15886,2187.6094
15885,3299.939
15884,2941.9575
15880,2213.3396
15878,2862.1248
15877,3254.3875
15875,1857.506
15869,2819.4207
15862,2118.6172
15861,3263.384
15843,2747.2341
15841,2814.1152
15837,1807.9792
15836,3090.19
15834,2636.4185
15832,3738.752
15830,2278.4
15828,2965.4517
15826,2386.2852
15824,2494.0735
15816,2752.4229
15814,3272.973
15806,2616.0544
15805,3268.6016
15799,2136.1777
15795,1976.7637
15777,2049.3894
15773,2042.4507
15772,2093.9226
15771,1758.2091
15768,2382.1587
15753,2412.8484
15748,2499.4568
15734,2955.0547
15724,2101.7458
15721,3498.2314
15718,2858.703
15716,2982.8625
15704,3350.6409
15699,2848.077
15695,3006.6396
15692,2927.054
15684,2127.81
15683,2237.5386
15674,3290.4834
15671,1673.0443
15669,2970.3755
15666,2229.8745
15665,3161.8286
15661,2871.7092
15658,2422.8508
15654,2471.9385
15652,2297.0444
15620,2716.3438
15616,2448.443
15601,2400.8237
15586,2123.0007
15580,3222.6208
15579,2273.8967
15577,2238.7405
15576,2040.0087
15569,2239.6973
15562,2433.9182
15561,2882.649
15559,3293.4226
15550,2195.2507
15548,1736.6366
15542,2429.0132
15534,2301.6724
15533,1999.7133
15531,2562.0757
15529,3258.0498
15527,1841.2123
15517,2807.6519
15501,2304.0781
15500,2547.4514
15493,2342.158
15488,2347.205
15465,1919.7288
15458,2501.7676
15445,3015.6523
15444,2451.1838
15442,2876.52
15440,2213.2231
15437,3678.1843
15434,1500.9163
15429,1906.0076
15427,2797.2979
15411,2016.3816
15408,2999.5588
15407,3187.153
15403,3164.6484
15400,2150.395
15393,3397.8103
15386,2316.949
15380,2814.1555
15376,2735.8408
15364,2237.3887
15358,2077.598
15356,2272.2083
15353,2773.633
15350,2649.749
15338,1758.8204
15318,2475.4094
15302,3489.198
15300,2495.7717
15296,3106.8167
15293,2160.2412
15262,2631.9648
15258,2888.0864
15255,2610.2722
15252,2490.313
15249,2950.8853
15237,2166.4
15236,2461.588
15231,2963.0876
15229,1785.3431
15226,2538.1003
15223,2140.7153
15220,2221.246
15217,2981.5688
15214,2801.9934
15211,2449.4902
15209,2807.5515
15200,2891.8262
15196,2243.8342
15195,2540.005
15193,2491.164
15192,2781.775
15183,2283.5718
15177,2028.3475
15172,2328.9521
15168,2563.2227
15166,2390.8718
15160,2182.0037
15158,2781.2383
15154,2637.7598
15150,2724.1758
15148,2496.864
15143,2313.9316
15131,1960.5999
15124,2899.2646
15123,3410.1643
15114,1464.8068
15106,3070.7197
15105,3053.7637
15085,3259.4104
15083,2028.3475
15082,2324.6956
15077,1892.5471
15071,2180.721
15067,2809.2383
15065,2167.8647
15054,2961.3462
15049,2376.7354
15045,1998.5593
15042,2891.4763
15030,5249.7837
15028,4012.4368
15012,1999.6774
15010,5134.194
15008,2825.8806
15000,5691.6055
14980,5204.856
14962,2524.7864
14952,3216.2742
14945,3428.9128
14944,4889.2573
14940,3435.8333
14939,4987.4146
14935,4256.2935
14934,3950.3186
14927,1676.1239
14925,5638.967
14922,3880.2754
14912,2436.8071
14909,1635.7291
14908,8122.441
14901,4461.2485
14899,3323.064
14897,3881.9116
14896,4910.571
14894,4935.706
14886,1751.3845
14881,4664.842
14875,4705.6924
14873,2493.3486
14868,3511.594
14860,5254.5796
14854,3646.0537
14851,3299.3413
14842,4337.4224
14840,4913.6396
14834,3867.0125
14833,4043.6953
14832,2445.0479
14827,4068.223
14824,5602.3325
14805,2899.2573
14794,3309.2
14787,3604.496
14784,4046.3665
14772,5538.496
14770,3752.5854
14760,2701.0725
14748,4683.3823
14747,3557.0532
14742,5324.7876
14740,4161.7397
14739,3886.666
14738,2841.1743
14728,5038.0913
14717,3572.263
14715,2562.5479
14712,5132.9395
14710,3759.879
14686,5530.252
14684,3938.3015
14683,4168.907
14675,2536.9634
14664,2919.1208
14661,2770.8376
14657,2991.5583
14648,3893.5647
14645,4105.2993
14644,3811.4746
14639,3271.3945
14638,4448.7876
14634,4155.3125
14633,4223.843
14627,3140.0747
14620,4028.813
14613,8974.126
14606,5067.4175
14591,2804.6199
14579,3990.366
14568,2889.1284
14565,3025.5688
14558,3756.442
14548,4384.3296
14535,4532.121
14524,3965.639
14508,3458.2825
14501,5606.9805
14500,5337.081
14497,4376.8057
14488,3372.8958
14482,1422.5936
14473,3221.9375
14467,3286.4888
14464,3903.1714
14460,2776.3894
14458,2581.9634
14457,4350.4414
14451,3928.6123
14450,4697.556
14443,3213.123
14437,3339.6045
14416,3533.049
14413,4495.322
14410,3457.9333
14405,2983.9102
14401,2412.9624
14397,4529.9
14396,5825.2627
14391,4872.0435
14384,3313.9204
14376,2891.787
14372,2643.855
14369,5648.1265
14367,2473.1587
14362,6730.3647
14356,4721.4507
14347,5320.9785
14335,3435.2158
14331,4928.8965
14324,4682.978
14323,3031.5212
14318,2977.0017
14315,7857.86
14310,3527.1213
14304,3523.8174
14301,2558.6814
14298,3453.112
14295,3802.3926
14294,3814.9426
14292,4051.7935
14290,5191.398
14284,3407.9443
14252,2425.7927
14246,6327.8706
14236,5674.304
14234,2781.4956
14233,2332.945
14232,3647.293
14225,5086.476
14221,4205.7515
14214,5889.666
14213,2418.821
14212,3019.1084
14211,4100.7793
14207,3514.2478
14196,4813.005
14193,1877.1571
14192,3715.637
14182,5687.2163
14168,5950.582
14167,2254.2197
14165,3452.847
14159,2739.4321
14154,3310.5935
14152,4586.2803
14139,3861.1733
14125,3014.437
14107,5819.3413
14095,5374.567
14086,6638.555
14079,3430.986
14076,2983.6096
14071,3423.16
14065,4596.9175
14064,6223.992
14062,4559.8574
14058,3967.185
14057,5869.843
14045,3961.1882
14040,5248.4604
14032,4421.047
14030,3347.182
14028,3364.5635
14027,2912.309
14025,4772.12
14020,6149.1104
14019,2555.8696
14017,2679.111
14015,3905.9424
14004,4363.311
14003,4351.4893
13995,4949.9927
13988,4353.875
13982,4245.225
13974,3150.0583
13968,3524.835
13965,4123.675
13964,5098.2505
13957,4201.66
13947,2759.365
13943,4450.9453
13941,4331.212
13940,4377.992
13938,3398.8545
13937,3427.0664
13924,8099.0117
13917,4028.1528
13904,9290.652
13890,2571.4443
13882,2866.5015
13879,3893.2944
13868,3586.3599
13866,3435.9246
13864,5359.1196
13860,2696.0935
13847,2333.7673
13833,5302.4956
13824,5727.263
13821,3219.674
13815,5704.063
13806,2761.7751
13805,2938.944
13803,5773.319
13799,5265.7236
13797,5461.1704
13795,4594.6396
13794,2810.068
13793,4322.9316
13790,3936.0796
13789,3995.8618
13782,3761.657
13778,3618.9421
13773,3929.9067
13772,4134.5596
13771,3788.4678
13767,2719.4468
13751,5478.363
13746,4742.785
13730,5766.3833
13725,2786.0325
13720,4017.6125
13716,3730.0234
13715,3566.7546
13708,5073.2417
13706,3036.4167
13699,3777.389
13696,4042.4788
13689,5119.2954
13686,4964.5664
13674,5027.3433
13673,2874.2742
13663,4023.5276
13660,5200.908
13659,4931.86
13656,4190.167
13652,4237.41
13651,3702.8938
13641,4590.687
13636,4004.9624
13633,3702.0757
13619,4431.0684
13617,4431.0684
13615,6097.3657
13614,4583.7925
13613,4607.5894
13607,3309.728
13598,4409.645
13591,2739.4321
13590,2898.9033
13575,4508.1074
13572,4833.942
13571,4394.025
13568,6384.567
13565,4127.115
13548,3524.0784
13547,5545.644
13546,3959.6167
13542,4123.2446
13536,5080.0103
13532,2627.9475
13524,5030.2017
13523,2958.727
13522,2135.1055
13518,2437.509
13517,3253.0195
13515,2888.5923
13511,2888.6218
13506,4825.8374
13496,3702.899
13476,3381.4976
13472,4343.8467
13470,5071.38
13469,4801.5674
13467,2663.885
13464,3434.2834
13461,5230.8843
13454,2540.018
13453,4607.5684
13452,4553.655
13448,4508.719
13446,2226.1172
13436,2131.9229
13435,4014.9817
13426,2728.0127
13422,4075.5156
13408,3123.0515
13407,2570.003
13403,5548.7266
13400,3079.3105
13395,4027.5696
13389,3575.9927
13387,4269.9814
13386,3186.3752
13379,3948.1465
13369,3066.3203
13362,2316.403
13360,3799.5786
13358,4861.821
13333,4623.366
13329,3562.611
13325,4531.538
13324,3361.7632
13321,3066.1494
13319,5060.1606
13317,4305.3506
13316,3496.9067
13313,4738.847
13311,3481.4314
13295,3551.94
13292,2976.4976
13288,3566.6475
13287,2055.4114
13282,3943.8582
13271,3367.2866
13268,3140.5327
13261,4050.611
13257,3888.5247
13254,4268.8203
13253,2815.1248
13246,2945.2913
13243,3060.322
13242,2997.945
13241,2880.499
13231,2186.3904
13230,3020.3506
13214,3413.6562
13208,4497.5034
13202,3675.0378
13199,3056.9998
13194,2636.4028
13191,3504.3125
13190,3701.837
13180,5220.596
13177,5443.8115
13172,3534.7754
13171,3528.7285
13169,4902.2803
13157,2166.728
13154,2166.728
13152,4667.063
13148,2319.7803
13145,3077.2058
13138,2752.8638
13132,5334.4463
13126,2248.7334
13113,4218.1133
13109,5265.882
13106,5954.581
13095,8047.765
13083,3351.7197
13079,4265.9917
13068,4142.1475
13061,2846.721
13059,3255.0596
13055,3392.3762
13054,2512.0542
13053,4691.8237
13048,3813.9402
13038,2827.935
13036,3589.2278
13035,4529.395
13033,3763.16
13030,3699.2854
13028,3059.5977
13027,4212.2114
13020,4617.085
13018,3577.1116
13014,3190.9983
13013,3453.3782
13006,2988.3252
12996,2922.468
12988,3991.4363
12981,4144.8335
12975,4388.944
12970,4311.9077
12964,3137.275
12961,3545.3674
12960,3300.7527
12957,6186.7886
12956,4136.6836
12946,4192.9023
12945,3591.9883
12944,3783.8357
12943,3954.7058
12921,3765.5703
12920,3535.3586
12915,3675.869
12914,2146.5906
12906,4589.897
12904,2807.4836
12899,3107.6946
12898,4484.575
12894,3126.5864
12891,6575.1016
12875,3462.4954
12874,3603.615
12872,4442.704
12871,3673.7603
12870,3106.13
12855,3786.1917
12850,3392.3762
12847,3655.097
12846,3876.8894
12845,2842.1199
12838,3144.5225
12827,4671.3315
12825,3675.4744
12819,3985.4275
12817,5270.8164
12814,4351.7373
12812,2504.9631
12810,3789.564
12806,3921.0796
12801,2550.1255
12800,3328.0276
12798,4194.628
12795,4649.155
12793,2737.8313
12788,4188.163
12787,3306.7195
12781,2570.003
12779,4119.424
12772,4083.2808
12770,3161.806
12763,2536.4207
12754,4799.4565
12744,5195.1733
12741,4101.379
12738,4428.713
12736,2750.7686
12735,2227.384
12734,4184.086
12730,4413.753
12728,3268.157
12722,4853.049
12696,4037.897
12692,3361.5442
12683,3368.6458
12682,3726.5876
12681,2311.7112
12679,2032.1351
12670,3953.5586
12664,2756.915
12655,3676.0288
12652,3443.6733
12644,3013.029
12643,4437.2812
12627,4415.764
12623,3704.1382
12609,4094.082
12605,3690.4316
12598,3215.2354
12594,2580.7666
12591,2589.7917
12584,3805.1038
12580,3469.9001
12578,3777.737
12575,3370.1658
12574,4070.5312
12570,4216.9453
12568,3418.1196
12561,3712.675
12558,4344.62
12557,4463.897
12556,4290.6484
12551,4659.768
12550,4089.7815
12541,3521.4805
12534,3297.2983
12532,4320.0312
12524,4485.8647
12510,4722.3506
12508,3117.059
12507,3528.2822
12495,4564.6953
12487,4520.113
12485,4179.6455
12477,4267.12
12475,4691.6465
12473,3890.8596
12467,4361.938
12462,4570.727
12455,4384.523
12452,4932.848
12450,2888.2383
12446,3714.9146
12444,3036.8564
12441,2755.004
12436,3248.415
12433,2172.3875
12430,4431.981
12426,3859.8928
12425,4621.472
12423,3668.1848
12422,3076.5913
12409,3727.5278
12400,2798.9224
12388,2677.1475
12385,2691.865
12377,2832.4434
12363,2536.4207
12362,2611.0432
12339,2498.2917
12331,3534.665
12322,3843.4893
12320,4063.1123
12318,3987.8784
12312,2582.5378
12309,2845.1973
12308,5039.882
12303,3519.6025
12296,4024.5388
12287,6404.8887
12285,4825.958
12284,4185.828
12282,3522.299
12273,3729.2256
12269,4463.8525
12261,3074.5437
12260,3470.1917
12259,3255.2524
12252,3358.1714
12238,2919.1982
12230,4715.265
12225,4628.407
12207,5135.21
12205,2711.3394
12202,2711.5422
12193,3950.0571
12192,4283.89
12189,4055.701
12178,4119.9746
12175,4487.6514
12170,5290.867
12163,3036.8118
12160,3556.786
12153,4023.1155
12142,4004.1377
12136,5610.671
12129,3261.6672
12128,2941.992
12124,5048.4756
12114,4346.0415
12112,4091.8364
12102,2808.4617
12100,4901.821
12091,2857.8718
12089,3781.4475
12087,4994.68
12077,3154.0234
12074,3415.6848
12064,3827.1665
12061,4203.9844
12059,3740.0146
12053,3982.999
12037,4469.095
12035,4543.2944
12033,4483.26
12032,4042.962
12028,3321.7334
12019,3148.2507
12017,3959.4307
12016,4420.6714
12007,4038.073
11994,4686.366
11993,3109.9922
11986,3054.4072
11979,2469.9915
11977,2543.2178
11972,3819.1616
11971,4142.505
11964,6080.1265
11963,4894.591
11960,2784.6616
11951,7201.024
11946,5415.8296
11944,2803.0425
11940,4175.4136
11936,3969.7546
11934,4133.6533
11927,3004.0732
11925,4217.967
11924,3718.2205
11922,4569.019
11919,3827.3958
11909,4454.205
11906,4456.351
11901,4137.63
11900,4456.43
11899,4808.589
11897,3842.489
11892,4284.592
11883,2805.563
11882,3849.5227
11880,3836.6863
11877,4788.068
11862,3220.9407
11848,4043.518
11838,6710.422
11833,6977.259
11824,3971.636
11818,3971.636
11816,4067.901
11813,4136.8813
11810,4089.4646
11807,4103.691
11805,3785.3457
11798,4595.289
11795,4775.1025
11790,4716.454
11788,3518.0112
11786,4003.925
11784,4164.2676
11770,3036.8062
11764,4816.9424
11761,4579.866
11755,4799.009
11753,4816.9424
11748,4390.465
11743,4751.0825
11742,4599.7344
11732,3787.507
11731,6977.259
11724,3306.605
11721,4356.027
11714,1771.3022
11707,4197.354
11705,3517.9944
11702,4120.245
11699,3845.2874
11682,3046.7236
11681,3186.3135
11677,3981.4668
11674,5381.484
11669,2874.3005
11665,4235.743
11664,4025.0496
11659,4171.142
11639,2642.332
11637,4573.2324
11634,3868.4395
11618,4782.994
11616,4828.9087
11614,2522.257
11612,2840.3867
11605,4379.098
11604,4356.0674
11602,2494.8882
11594,3337.0664
11589,3853.1924
11573,4129.3203
11570,4378.785
11566,3925.2734
11564,2299.024
11562,3947.7117
11556,3343.961
11550,3599.9185
11549,2918.377
11547,4419.563
11545,4525.417
11542,2538.1135
11541,3930.7805
11537,3135.394
11531,3310.6865
11517,3967.3486
11516,3183.0774
11504,3082.225
11502,3331.6226
11500,5317.666
11484,3376.9233
11477,5317.057
11474,4058.3147
11473,4742.1914
11472,2329.018
11465,3826.755
11464,3936.6035
11459,4630.9155
11451,2490.7559
11447,3115.6865
11446,2841.2915
11445,4028.359
11440,4275.888
11435,2879.6104
11428,3586.248
11425,3517.8171
11417,4707.194
11416,3848.178
11414,5076.693
11410,4699.363
11406,5436.848
11402,2346.3755
11393,3225.127
11391,3666.664
11389,4024.2283
11372,2519.1726
11370,2454.569
11366,5551.67
11361,2870.3413
11359,2594.3743
11358,3163.7507
11357,3522.864
11348,3709.7805
11346,4758.601
11324,4465.641
11316,8821.99
11313,6811.25
11300,2885.2173
11299,4667.5254
11293,2361.07
11280,3875.8943
11268,3710.5112
11260,4327.25
11259,3515.1248
11253,3700.3901
11252,3866.1062
11249,4155.9707
11246,2399.8838
11243,3569.4612
11238,2857.8298
11235,3229.9983
11227,3612.9307
11226,4390.1553
11225,4011.109
11223,3120.5427
11221,4686.009
11216,4916.394
11215,4421.027
11211,4532.495
11188,4411.0186
11182,4435.0723
11176,3971.7444
11173,2681.8442
11162,4631.168
11160,3000.1045
11159,2731.7476
11155,3807.6448
11150,4988.7866
11138,4711.5522
11137,3016.8345
11124,4931.8774
11114,3956.9944
11108,3773.7764
11098,4642.2256
11096,3022.288
11095,3003.2402
11091,3507.1987
11084,2768.2349
11082,4660.7915
11077,4492.5566
11074,3445.8206
11070,3504.2822
11066,4670.7285
11065,2591.7078
11062,2659.6445
11060,5661.263
11056,2897.6458
11054,4480.842
11046,4364.257
11038,2744.5564
11033,4158.649
11032,5337.9526
11016,2403.9265
11007,4169.2485
11004,3293.5515
10999,2794.1626
10996,4260.752
10979,1579.4924
10976,4174.076
10970,3686.93
10964,3121.037
10963,4319.836
10962,2355.1472
10961,3172.8032
10960,3970.8938
10948,2814.063
10947,3781.4475
10942,4138.176
10939,4193.1436
10935,3198.2231
10930,3248.7302
10928,4292.83
10927,2332.5425
10926,4396.079
10922,2825.013
10907,3772.7659
10900,4928.06
10899,5416.2114
10896,2665.038
10895,4461.1895
10890,4449.1475
10889,4374.3887
10874,4376.31
10873,4388.7217
10872,3536.1643
10870,3821.4177
10864,4630.083
10863,3900.393
10860,3296.4895
10854,3443.096
10853,3669.16
10852,3948.0405
10844,4364.9604
10842,3154.705
10838,4355.772
10835,3948.515
10832,3000.1045
10827,2032.6227
10816,3649.6191
10812,3918.968
10803,8114.145
10802,4868.8794
10796,4453.3706
10795,4049.3882
10792,4498.4937
10787,4539.8013
10784,4636.586
10772,5566.5405
10771,5108.0693
10770,5794.8384
10769,6145.4287
10768,7405.7427
10759,6936.658
10756,5162.453
10750,5190.8003
10747,5955.8193
10737,7275.626
10724,5713.2783
10722,7685.147
10709,6001.6865
10689,4296.2275
10684,4918.6396
10679,5156.9404
10675,6250.2007
10672,3894.734
10669,4515.1533
10667,6336.8574
10663,5527.811
10658,5271.8223
10638,5779.0093
10637,4605.8354
10627,4885.274
10615,7366.326
10612,7215.833
10608,5701.966
10596,5073.929
10584,5478.8213
10578,4137.039
10575,3705.9558
10568,6455.219
10558,3886.7168
10548,5606.96
10546,5489.6577
10544,4787.3887
10539,6529.4604
10534,7174.0977
10533,5731.0796
10532,7782.3774
10519,5213.8975
10514,6662.733
10511,6723.9736
10510,5681.544
10507,4367.961
10505,6568.6543
10504,3991.7988
10501,4574.064
10494,5359.249
10492,6021.427
10488,4139.779
10484,4798.642
10480,4871.3413
10478,5376.4756
10476,6305.6523
10475,6330.504
10473,6424.091
10469,4600.508
10460,5187.012
10448,4284.9873
10446,5064.6597
10442,7781.2104
10439,6040.2217
10437,3894.734
10435,5838.644
10433,4708.9453
10432,6191.013
10430,6627.7817
10427,6750.075
10423,7473.2437
10415,5077.9336
10413,4987.813
10407,8687.316
10404,5804.1987
10401,4471.307
10400,6581.0156
10399,4820.5044
10396,7702.3726
10394,7685.147
10393,7656.49
10389,7843.3555
10387,6573.6265
10385,6439.4097
10365,9396.478
10355,5772.0195
10354,6492.318
10353,4705.4224
10342,5041.589
10341,5144.259
10333,5746.095
10330,7626.7974
10325,5248.189
10320,5668.8267
10318,6179.6113
10314,7156.3335
10308,6505.2827
10300,5519.131
10297,5689.657
10290,5580.125
10289,5544.735
10285,5008.8384
10277,8287.563
10270,7593.3496
10262,4068.4055
10257,8287.563
10247,5670.76
10243,5332.575
10232,5473.975
10224,5252.8022
10209,4882.17
10199,5058.069
10194,6606.7812
10193,3845.9922
10182,4409.935
10166,4734.085
10165,8287.563
10158,7073.134
10150,4504.9106
10148,5990.603
10140,5414.6064
10138,5551.8335
10134,5521.0596
10132,3379.7854
10128,4125.728
10121,5291.3457
10120,6609.143
10105,6894.579
10097,4887.067
10094,4914.0117
10084,4372.917
10074,6081.5493
10071,5636.6396
10069,8215.797
10063,4928.156
10058,7545.403
10056,4127.416
10055,8287.563
10050,4549.7725
10049,5651.0303
10046,4779.4053
10042,5651.9814
10040,4974.3896
10037,5918.2144
10034,5460.622
10032,4175.228
10021,6369.704
10005,5932.088
10004,6061.625
10003,5810.01
9999,4444.684
9998,5250.1216
9991,5509.1304
9986,5486.0566
9983,3652.9553
9976,6223.541
9973,4841.0625
9971,4445.114
9968,4900.59
9967,4788.5264
9964,4798.9727
9960,5747.164
9941,5126.5796
9925,4649.959
9916,5947.491
9915,4811.0537
9914,9347.475
9896,5418.9414
9893,5827.081
9887,6863.6455
9880,5227.635
9873,4761.167
9860,7177.2036
9857,4381.7046
9855,5459.9565
9846,5329.9453
9843,6103.2705
9836,5070.1597
9832,6692.935
9829,5410.8486
9821,4084.1355
9806,6332.3013
9801,5153.756
9780,6601.722
9779,4895.4995
9776,6176.9097
9773,6601.291
9772,7143.869
9769,5867.6807
9764,5192.95
9762,4705.437
9761,5539.4106
9754,5200.852
9752,4442.5425
9750,5327.1533
9747,4462.766
9744,5726.7173
9742,8671.532
9737,5032.1357
9729,4605.8364
9728,4487.1504
9727,4685.88
9725,5400.405
9724,6127.6978
9715,6344.526
9714,7067.7056
9699,7947.963
9696,5916.688
9695,5847.7017
9692,5100.966
9674,4977.24
9669,7710.765
9664,5334.579
9646,7545.403
9639,5355.9004
9638,8274.363
9632,5772.0195
9630,4104.2554
9622,5866.968
9613,5344.4854
9608,5813.7046
9602,8204.364
9600,6202.638
9599,6622.625
9590,6226.4473
9577,4829.8364
9576,6062.6206
9554,7592.4927
9553,7879.9795
9552,5635.056
9551,6094.042
9548,7024.2275
9547,9085.609
9545,6149.1035
9544,3810.3354
9533,7402.1724
9520,4553.223
9519,7269.8247
9517,7941.2314
9510,4007.7288
9506,5217.379
9505,5814.923
9504,5573.0034
9502,8693.1
9499,7837.4194
9496,4957.784
9486,7636.3696
9480,4472.86
9464,7870.468
9461,7878.5845
9456,4514.426
9450,6272.6685
9443,3894.734
9438,4465.598
9429,5501.851
9428,5166.317
9422,5166.317
9417,4846.4307
9408,5857.4673
9405,6399.665
9400,3464.8162
9398,4342.7734
9396,7521.129
9387,5422.1777
9384,6494.0957
9380,4973.323
9378,5661.9077
9377,4061.4104
9375,6914.385
9372,10105.9375
9363,4243.624
9360,4367.227
9356,4477.849
9354,9996.127
9350,5199.3877
9347,6357.076
9346,5022.098
9341,6912.3174
9327,6101.3687
9322,4852.799
9314,6103.132
9313,5869.12
9306,6485.2407
9304,5225.9634
9303,4513.42
9301,5102.68
9300,4107.0107
9298,4035.862
9296,5293.3794
9290,8151.3037
9288,8243.935
9279,7887.3945
9277,5044.9272
9275,5050.155
9273,4624.6504
9268,6517.013
9261,4152.5435
9256,4831.674
9255,4937.2837
9249,4180.757
9246,8287.563
9245,8287.563
9242,3914.3513
9235,4012.3008
9232,4478.8345
9225,4209.466
9218,6354.831
9214,4897.1714
9211,5777.842
9209,6228.94
9204,5769.3643
9192,4207.653
9183,4903.4395
9179,6189.6665
9178,4572.3394
9166,4908.74
9163,4049.3882
9152,3936.2358
9151,5151.198
9150,6003.0605
9140,5651.0303
9136,4750.3623
9133,4931.8193
9127,6863.2725
9120,4020.5764
9117,6432.0903
9115,7062.782
9106,6645.8433
9105,2838.8396
9101,4985.653
9099,6436.8667
9098,7390.1343
9093,2460.5068
9084,3299.2285
9083,3721.6265
9082,3285.0723
9080,2236.9082
9069,4666.6494
9062,4214.5796
9061,4286.5923
9058,2662.9702
9057,3513.998
9054,2122.1113
9051,3398.9243
9049,2497.9788
9047,2225.5898
9031,3608.511
9026,4127.452
9024,4839.597
9022,3040.7778
9013,4750.6006
9012,3102.4124
9008,2681.2568
9002,3339.4612
9000,2851.3704
8997,2771.9429
8992,3268.673
8989,3351.243
8982,4100.376
8967,3924.0051
8965,7320.1143
8964,8388.373
8954,3561.7046
8950,3769.2095
8947,2549.994
8946,4020.1453
8943,2474.9294
8939,4331.818
8921,3677.2053
8913,2489.1929
8910,3115.4429
8903,2762.9973
8901,2872.9993
8891,4036.0325
8884,3622.4119
8875,3904.1074
8862,3013.7615
8859,6493.5215
8851,2901.3394
8848,4353.8906
8842,2489.9
8841,2470.7783
8834,2899.773
8833,3580.6228
8831,2654.7068
8820,4422.154
8811,2700.7803
8809,3846.5815
8808,2690.0925
8807,4465.194
8802,4427.3135
8796,3833.7993
8794,4167.153
8789,3092.963
8784,6138.7563
8783,4008.0854
8777,4623.51
8765,3250.9587
8761,3526.2798
8759,3295.228
8758,3356.1506
8757,3425.6292
8756,3312.8223
8752,3674.3062
8749,2579.5461
8739,3105.5388
8737,3341.786
8726,4305.198
8716,4249.102
8715,3066.4785
8708,4086.905
8705,4262.8716
8676,3790.417
8671,2311.3655
8665,3521.1125
8663,3102.0427
8659,4522.183
8657,2693.8623
8650,4686.5513
8647,3441.406
8643,3433.304
8634,2896.8555
8632,2659.5002
8631,3655.0334
8629,4149.971
8622,3004.8252
8620,2805.3022
8613,3921.017
8612,2424.354
8608,2451.944
8603,2927.2222
8590,3083.089
8589,4337.4375
8586,2788.355
8582,5300.9263
8581,2654.2903
8580,3100.8276
8577,2700.7803
8573,2576.7068
8570,2376.5754
8567,2719.7712
8565,2857.9214
8561,2468.5005
8556,2835.268
8550,2529.788
8549,2350.8508
8534,2737.8462
8529,4664.4795
8526,3741.955
8523,4033.62
8518,4743.2207
8517,2613.9268
8512,2893.2854
8510,3139.7253
8504,4305.699
8503,3041.7188
8501,3424.0251
8494,3617.9285
8492,2635.4363
8487,3206.569
8486,3206.569
8485,3206.569
8479,3673.962
8467,2422.4106
8464,3006.0935
8461,6079.915
8459,3385.43
8457,4759.8257
8451,2417.8145
8447,3690.2122
8446,2060.1545
8439,4468.9995
8432,2677.5332
8431,2470.1252
8429,6138.083
8427,3028.21
8420,2781.4258
8417,2895.0654
8416,2118.6006
8413,2469.812
8402,4311.603
8395,3779.5454
8390,4147.616
8389,2638.9202
8387,5461.6597
8385,3480.3599
8384,2801.5525
8376,4538.039
8374,2864.2166
8371,2647.2014
8370,3542.0095
8368,4681.353
8362,2085.348
8360,3031.7605
8357,4153.307
8354,2514.5022
8341,2815.9114
8338,5127.436
8336,3010.0676
8331,4640.243
8330,2530.1646
8329,2284.7998
8325,3038.3936
8323,3664.2224
8317,3024.032
8308,3445.1387
8307,2586.3794
8297,3184.4072
8293,1968.2344
8277,2672.8667
8263,2714.2998
8257,2393.951
8248,2985.2153
8247,2662.1174
8246,2381.7444
8239,2748.5234
8235,2486.3936
8234,2583.2454
8233,2572.6108
8229,3376.5776
8221,2818.6252
8218,4371.444
8212,3608.511
8210,2101.8477
8209,2792.489
8190,3814.5813
8189,2530.1646
8183,2500.6992
8171,2963.91
8170,3122.0283
8166,2450.7756
8165,3471.3262
8161,2697.339
8156,4310.4937
8153,4658.284
8152,4707.9946
8150,4427.385
8149,4832.5957
8142,1943.5426
8135,2759.4556
8134,4233.9307
8132,4448.462
8117,3398.9824
8113,3335.106
8110,3827.172
8108,3407.7498
8100,2924.0105
8089,2565.7188
8075,8206.6455
8074,6200.318
8066,2410.586
8063,2369.6846
8046,4995.782
8044,5945.2847
8043,3927.154
8035,3074.0105
8032,2807.8408
8022,3422.3252
8006,3371.6555
8001,4690.863
7990,4384.9126
7982,2662.2126
7979,2973.636
7974,2987.4475
7972,2693.575
7971,3905.9087
7968,4639.5015
7966,3747.5256
7961,1972.0536
7954,4267.8623
7953,5221.3667
7951,2789.8604
7942,4220.581
7941,2867.8296
7938,3780.0474
7930,3004.8252
7924,2778.7798
7919,2962.6382
7914,2866.8708
7909,4433.718
7904,4454.1113
7903,3656.7803
7899,2113.0962
7895,3717.7227
7892,2912.556
7891,2904.411
7879,2161.5066
7878,6711.7476
7868,2714.1787
7865,4088.1519
7859,3145.4836
7858,3779.5454
7856,2519.1455
7853,3597.328
7850,2843.7292
7849,3312.3157
7848,3191.5347
7842,2472.2292
7834,6123.6797
7833,3978.9392
7831,3085.3794
7825,3402.777
7821,3088.0518
7817,3994.0393
7816,3901.9219
7815,2953.3828
7814,3358.5818
7812,3105.9075
7807,2453.0806
7806,3579.17
7804,2234.425
7799,2660.78
7797,3054.048
7787,3699.0332
7781,3076.2148
7775,4831.2354
7774,5356.329
7762,5131.31
7760,4540.7256
7750,5892.885
7749,5632.144
7744,6977.4277
7740,4485.692
7733,4090.2107
7722,3916.359
7718,4640.53
7709,7851.7456
7707,6503.5786
7706,6826.69
7670,4443.26
7667,4147.507
7664,4036.6665
7663,5530.084
7659,10430.105
7656,6938.7183
7649,3920.833
7646,5822.3096
7634,6114.588
7627,5547.466
7605,3666.525
7598,5023.321
7593,5625.398
7592,4781.9463
7590,4115.0117
7587,6490.35
7585,3929.4297
7583,4425.289
7582,6376.3096
7581,7983.172
7580,7194.2666
7574,4552.3037
7570,4782.061
7567,8549.833
7561,4540.7256
7534,6503.436
7530,4269.743
7528,5044.7437
7525,4694.939
7519,6838.8423
7508,7072.47
7504,5465.813
7500,6556.6626
7490,5804.6333
7487,4076.1409
7485,3821.3486
7483,5792.225
7481,6410.535
7480,5239.8013
7473,5118.3687
7470,5972.5684
7465,6553.906
7456,5468.1313
7446,4321.494
7442,5778.6553
7433,4022.2083
7430,5044.8506
7424,5311.872
7423,5230.334
7420,7341.332
7417,4842.4976
7410,6160.2173
7408,5104.667
7395,6447.0586
7389,4214.9307
7371,4601.037
7355,6188.4604
7353,4324.121
7352,6042.073
7350,4203.758
7349,6547.6826
7327,3802.0828
7321,7610.7134
7319,5760.66
7317,8346.155
7315,6285.1704
7305,4928.12
7288,5837.3745
7284,4548.2373
7281,6211.488
7271,4017.4048
7268,6122.5977
7255,6288.0493
7253,4429.4355
7246,10267.751
7230,4146.6733
7229,5412.2803
7205,4373.6846
7202,6844.321
7200,5346.1504
7197,5501.3145
7194,4582.2407
7191,5081.4116
7189,5586.148
7184,5884.499
7176,6565.2324
7170,4244.856
7169,6899.6733
7168,4075.8667
7164,5164.0654
7161,7484.5503
7149,4893.2593
7143,3784.2546
7138,5312.6216
7133,5176.4585
7129,7140.5923
7125,4096.1636
7123,5691.6006
7113,4333.3887
7112,4470.079
7107,5041.353
7106,5649.2563
7096,6248.0103
7092,5006.233
7090,4136.5684
7083,4819.722
7082,7138.525
7081,5294.3423
7076,5549.1987
7074,4669.6245
7065,3033.9302
7063,7281.706
7061,3948.86
7060,3981.0154
7049,4867.957
7048,6179.1777
7046,7282.356
7037,3879.785
7020,6813.3843
7019,5516.8965
7008,7096.2344
6995,3118.6091
6987,6526.9385
6986,4854.2646
6973,5270.4775
6964,7643.799
6961,8039.745
6955,9710.369
6946,6250.789
6934,5624.2236
6929,5774.9106
6926,5923.468
6924,7573.602
6918,4432.785
6908,4717.881
6907,5534.3193
6905,5224.4233
6902,4040.9072
6888,4357.583
6887,4106.4272
6879,5001.572
6876,5947.5894
6875,5751.205
6872,8260.534
6863,7483.8716
6857,4997.4644
6852,4347.6367
6821,4399.9385
6819,4438.9897
6811,8486.562
6809,6242.8384
6808,4709.7417
6803,4824.1533
6797,6961.6187
6788,8852.0
6782,3933.3254
6781,4395.625
6780,5350.917
6777,5653.404
6772,4791.0894
6761,4545.6465
6760,4783.703
6754,5447.9688
6753,7210.0234
6747,6425.446
6739,4495.421
6738,5148.594
6735,5306.5596
6733,4440.6025
6718,5316.0366
6717,4279.2134
6713,5115.849
6710,7486.622
6708,5529.6733
6694,3687.3323
6693,7052.154
6691,5863.002
6690,8924.426
6679,4614.4844
6676,6619.7505
6672,5689.2344
6666,5843.8345
6651,6510.116
6648,3556.9783
6646,4481.3765
6644,6277.806
6643,5181.5205
6633,3879.785
6630,4830.535
6629,5447.362
6616,4957.2954
6610,4300.406
6602,5341.995
6595,4982.839
6581,4740.808
6573,6512.6523
6567,5100.0913
6557,4851.2554
6556,4569.438
6552,5808.287
6535,4279.2134
6531,4057.2039
6529,5901.131
6527,6157.2183
6524,5085.895
6522,5912.147
6520,5963.2188
6519,4771.237
6511,6192.303
6505,4982.839
6500,5000.2036
6498,5798.9546
6493,6623.2827
6490,4023.1824
6484,7159.343
6483,4396.832
6468,6620.6216
6463,5649.264
6461,5977.582
6460,5010.448
6458,4329.696
6452,4135.7734
6449,8006.942
6447,5876.018
6441,4965.8833
6435,3094.4963
6432,4144.121
6431,6997.1133
6425,5200.247
6424,9517.04
6423,5517.8223
6409,4724.632
6405,4000.5054
6402,7609.5195
6399,5433.354
6398,4808.373
6397,11149.45
6393,5095.4854
6390,4559.9917
6389,4842.4976
6388,4292.2925
6380,5510.356
6378,7346.107
6375,5320.205
6369,4170.427
6359,4203.758
6355,4235.2524
6351,5275.42
6344,4267.9727
6339,3887.6748
6337,5379.515
6330,5354.852
6327,7107.2065
6326,5296.3325
6318,7430.8086
6317,6291.4473
6313,5101.1943
6311,4713.5747
6285,6182.056
6284,6806.9097
6281,5293.388
6274,2657.4155
6269,6404.872
6263,6306.117
6250,5868.744
6246,6999.5117
6242,5383.9795
6236,3898.1458
6227,4112.511
6226,4408.6577
6222,5219.138
6218,8975.791
6210,6043.7056
6205,5747.2993
6203,2242.3943
6202,6478.5337
6197,6640.9106
6194,3630.1914
6187,4340.888
6185,3955.6458
6179,3881.1262
6172,4666.75
6171,4430.5757
6168,4777.908
6164,8319.241
6162,3165.5435
6161,7071.932
6157,4541.4697
6152,4534.9966
6147,8275.892
6143,6412.3564
6142,5664.7866
6130,3679.4075
6126,3484.7144
6123,6175.6587
6107,4882.5347
6103,6868.3447
6098,5313.036
6092,4936.2896
6091,5070.3384
6090,4479.0684
6089,4321.587
6074,4979.1343
6068,5293.388
6064,4848.744
6062,5674.739
6060,5268.8594
6045,5369.2266
6040,6806.5244
6037,3964.9177
6026,8021.338
6023,8203.666
6020,8604.289
6017,6915.8804
6016,5580.86
6015,5744.848
6008,5362.7637
5996,4481.5693
5985,3988.6174
5975,5148.1543
5973,7319.121
5972,5870.2617
5970,7397.8076
5968,5958.985
5954,2130.9578
5938,3896.904
5931,2006.4427
5917,2700.4338
5910,2493.785
5903,2098.1653
5902,1857.369
5881,2112.971
5872,2388.4685
5869,1874.072
5850,2605.3948
5843,2892.928
5841,2220.1013
5836,2341.7
5831,1959.1304
5824,2199.2246
5820,2768.7095
5819,2690.3386
5818,2136.6785
5810,1834.5558
5807,2995.739
5806,1909.1819
5791,2624.1814
5784,2390.002
5780,2899.5896
5778,1966.6553
5777,2509.781
5772,2010.5706
5763,3129.694
5762,1712.4727
5758,1673.8818
5747,2303.903
5746,2764.7385
5739,2424.3157
5736,2372.747
5734,2576.617
5731,2114.6528
5724,2539.6956
5720,2743.4092
5718,2473.3616
5716,2534.7754
5713,2806.5676
5702,2467.4321
5700,2584.9863
5696,1627.5492
5691,1942.9888
5687,1987.4941
5686,2502.9822
5675,1892.7068
5673,2004.9717
5670,2199.8308
5668,2063.8093
5666,2681.4915
5662,2017.6646
5657,3146.1128
5655,2779.8506
5654,2062.121
5650,1910.4032
5645,2231.6218
5642,1916.3217
5636,2118.6267
5635,2453.5833
5632,1964.4369
5630,2269.0273
5622,2650.469
5619,2410.1177
5618,1935.6764
5615,3178.7434
5607,2738.1855
5597,1912.7322
5595,2039.191
5589,2018.1173
5583,2764.53
5582,2564.8384
5580,3164.6606
5579,3133.0977
5571,2878.424
5563,2050.171
5548,3198.01
5539,2523.303
5537,1577.1664
5535,2308.3042
5530,2358.4868
5524,3021.8933
5522,2178.0503
5519,2329.3728
5514,1643.7725
5512,2741.4648
5507,1957.8712
5501,1387.3599
5493,2033.8114
5492,2934.288
5486,4009.0208
5484,2797.9702
5482,2268.1938
5478,2170.1365
5477,2703.4875
5464,2336.524
5441,1971.1246
5439,2565.1316
5420,1994.3088
5418,2092.3267
5416,3132.419
5413,2906.7988
5412,1997.0555
5407,2264.5945
5401,1881.2473
5398,2372.5583
5396,2059.3157
5393,2300.245
5390,2384.9778
5388,2122.1355
5385,2238.199
5368,2426.3577
5357,2335.3186
5356,2300.586
5355,2018.5737
5346,2006.1791
5329,2133.9858
5325,1789.496
5312,2156.6838
5311,2846.1213
5284,1906.0674
5282,1218.8015
5274,1967.8766
5265,1528.9363
5244,2807.1438
5240,1833.4022
5238,2406.2012
5237,1803.4935
5231,2243.7588
5227,2011.2045
5222,3531.2585
5217,3447.8574
5211,2070.3545
5202,2587.0212
5197,3213.457
5189,2583.2178
5187,2569.155
5184,2054.203
5183,1881.5151
5182,2057.1426
5177,2783.704
5171,2720.4954
5170,1991.952
5165,1862.7701
5160,2488.891
5155,1712.8237
5153,1335.9559
5147,2685.5674
5145,2207.6326
5143,2014.5048
5134,1589.3127
5132,2662.0347
5128,1701.5997
5125,2071.4424
5109,2363.4595
5106,2128.1199
5105,1893.5142
5096,2243.4453
5091,2095.0151
5089,1931.0012
5088,1877.9908
5084,2293.2026
5082,3137.6755
5072,3606.42
5067,2120.9727
5066,2284.9387
5065,1809.4415
5061,2603.3228
5054,1946.4922
5050,2075.802
5046,3361.562
5042,2258.3367
5038,2510.777
5035,2894.8096
5030,1755.6757
5028,2854.873
5025,2228.3767
5018,2614.207
5013,2800.9714
5009,2096.8123
5005,3649.2239
4990,2662.3623
4987,1746.7343
4985,1949.2573
4979,2205.5955
4978,2402.5493
4975,1781.7496
4969,2025.7347
4963,2225.5117
4962,1845.2115
4959,2228.8264
4958,2438.782
4957,2061.4214
4956,2194.422
4955,2528.8613
4954,1923.0892
4938,2129.4727
4936,2482.3716
4935,2284.3665
4933,2300.9165
4932,1678.218
4928,2260.1616
4926,1880.9727
4924,1967.0319
4914,2245.9846
4912,3091.897
4911,2284.9387
4909,2071.7524
4908,2347.5784
4906,1966.0653
4900,2165.481
4898,2207.6006
4897,1951.1505
4894,2108.5647
4879,1999.0283
4877,2102.9214
4875,1954.59
4866,2347.8584
4861,1803.979
4860,2438.782
4857,1961.7687
4847,2483.9414
4839,2925.388
4838,1198.0094
4837,2471.031
4832,2271.8381
4831,1743.4381
4829,2713.6375
4827,2122.4927
4821,1678.7476
4818,2621.3215
4808,1866.3331
4807,1777.9437
4799,2874.9062
4797,3182.648
4796,2841.276
4788,1968.8551
4785,1835.7125
4781,3033.6226
4779,1713.4792
4774,2402.9907
4768,2497.5286
4762,2765.319
4759,2997.5269
4755,2465.0923
4745,1579.7466
4744,1823.5046
4740,2584.3677
4739,1426.7102
4733,2041.9882
4727,3031.1125
4712,3008.6445
4711,2960.9368
4706,2024.5774
4699,1879.8704
4685,2204.1213
4681,2826.7524
4679,2131.5168
4677,3095.9531
4669,2263.6765
4664,2063.0957
4656,2405.677
4649,3041.186
4644,2786.664
4643,2685.3796
4626,2438.1262
4616,1795.7532
4613,1828.1122
4606,2099.4458
4604,2091.188
4592,1831.5853
4588,2058.777
4574,1779.6581
4573,2091.0154
4567,2020.511
4556,2303.903
4553,2237.5771
4550,2117.3596
4547,2895.0723
4540,1952.6433
4531,2683.8716
4526,2724.551
4525,2477.4978
4515,2884.9026
4514,2606.0535
4502,1940.62
4498,2050.9866
4494,2043.9617
4489,2650.961
4481,2678.5608
4480,2079.1216
4475,2875.063
4470,2019.8931
4463,3048.6187
4458,5198.481
4452,4285.133
4449,7505.62
4447,5265.156
4444,4207.1304
4435,6345.913
4431,4959.916
4424,8920.401
4421,4447.959
4407,4681.519
4402,5051.9263
4401,4085.6348
4391,7818.8984
4384,5618.2446
4383,6207.818
4372,6515.02
4366,5527.3174
4362,5670.219
4359,6236.2603
4355,4197.5825
4351,4314.9624
4348,4450.57
4345,4038.4722
4340,4441.3657
4334,5152.2705
4328,6237.3335
4327,3984.866
4325,5515.283
4319,5524.892
4318,6106.873
4308,3176.8599
4307,5460.11
4306,4961.7354
4294,4815.8257
4293,4652.3994
4287,4031.8887
4286,4397.6807
4281,6248.056
4273,4018.4287
4269,4528.835
4260,5411.128
4258,3980.427
4254,8113.9746
4250,4675.138
4239,5350.749
4236,4390.141
4233,5192.1187
4223,5603.917
4219,7105.0645
4216,6287.229
4215,6287.229
4214,5915.0093
4211,5459.1074
4208,3892.7678
4204,5305.6353
4203,6643.9756
4200,4944.055
4198,7717.516
4197,6245.016
4191,5962.0615
4190,7164.332
4188,5599.7354
4186,3987.203
4185,4625.5156
4181,6195.4155
4180,6001.1025
4177,5637.4336
4175,4850.389
4174,4786.143
4162,5880.784
4156,5306.9556
4149,5559.976
4148,4500.2183
4145,5369.5435
4143,5940.5757
4132,4065.212
4127,6314.1562
4121,5445.768
4117,4077.5054
4112,4821.9434
4103,5225.8936
4101,4418.793
4097,4575.119
4095,5765.3257
4092,6519.226
4085,5693.5938
4083,4685.8184
4081,4487.4585
4078,4756.4414
4071,4644.841
4068,5709.384
4055,4530.4424
4048,5277.8477
4045,4563.6865
4043,3230.9119
4037,6000.613
4030,4660.4604
4027,5563.5146
4026,4849.6997
4017,3614.3103
4016,6231.0605
4010,4614.3047
4004,5215.782
4002,8920.401
4001,8880.847
3995,6607.5474
3990,4444.338
3987,5957.869
3986,4481.5054
3983,5065.542
3974,6680.81
3968,6810.8887
3966,3628.3115
3965,5814.9165
3957,5786.0327
3956,5322.4746
3954,4337.599
3950,5909.6084
3949,4732.9062
3941,5689.7734
3929,6030.5757
3926,7500.81
3925,9810.339
3923,5115.704
3921,5087.7397
3916,5507.055
3907,5819.768
3900,5891.1665
3895,5136.412
3891,6236.2603
3885,4909.648
3881,3862.8857
3880,5578.395
3878,4768.0903
3870,3901.084
3858,3667.376
3852,4930.8647
3847,6602.5625
3846,5248.6133
3836,6210.535
3832,5020.93
3830,4263.3477
3828,7232.7593
3825,4077.7534
3824,5860.8154
3822,4041.7722
3818,6248.056
3815,5488.7593
3811,4546.62
3805,3757.9187
3803,5146.991
3799,5599.4517
3796,4106.125
3789,3770.4731
3782,4537.707
3781,4054.4563
3775,5245.4165
3774,7037.3716
3773,3438.069
3769,4112.531
3768,4777.0796
3767,5810.842
3763,5892.4565
3759,5745.988
3755,6162.3706
3754,7133.904
3746,3787.6514
3740,5052.2856
3733,6236.2603
3730,3997.4194
3728,4126.6597
3722,6930.2227
3716,5957.869
3714,5676.8267
3707,6030.066
3705,6173.9575
3704,5451.0884
3700,3890.6853
3696,7362.76
3695,7433.4897
3693,5123.3984
3690,6442.9697
3682,6146.0293
3675,4588.1064
3674,5702.0244
3663,5374.9893
3659,5169.3384
3652,4116.1226
3631,3002.019
3623,7611.138
3622,5041.727
3619,5960.0234
3617,4300.818
3611,5697.415
3606,4811.0435
3605,4077.7764
3599,3954.1514
3596,2365.4294
3594,5129.293
3592,3173.265
3587,6602.5625
3583,5835.8438
3582,6058.921
3581,4774.601
3579,6444.1924
3577,5672.214
3570,4813.185
3564,6588.1113
3553,5360.473
3551,4473.8647
3550,5604.2427
3526,6325.248
3514,5184.358
3507,8628.56
3506,3949.9963
3505,5824.9995
3501,4411.996
3496,4078.8005
3492,6009.449
3490,4883.1772
3487,6226.663
3481,5588.5522
3475,4372.8066
3471,7405.8716
3470,6289.282
3469,6063.77
3467,6400.0425
3464,5440.196
3461,6389.8545
3460,4652.776
3458,7142.7407
3452,4458.116
3451,6624.2686
3450,7040.9204
3448,5325.574
3441,4661.1523
3438,4007.9443
3437,8429.119
3425,5460.9
3423,3988.0127
3416,5213.5786
3408,5539.111
3406,6236.2603
3401,4622.464
3392,3719.2664
3390,6279.5938
3386,5924.429
3381,5819.768
3380,4673.162
3376,4319.425
3370,4657.539
3366,3462.9004
3361,6101.133
3358,6287.229
3352,4276.5317
3351,4297.5483
3349,6955.1323
3347,4476.339
3345,7036.2114
3341,5489.155
3338,4720.2446
3329,6301.6807
3318,4561.5293
3307,5697.415
3304,8215.333
3301,7015.7085
3300,5834.8657
3299,4596.2456
3297,5100.382
3293,7667.8804
3291,4860.3325
3289,5584.0215
3286,3507.2244
3283,7667.8804
3282,5819.768
3268,5121.339
3265,5155.281
3262,3915.1921
3252,4349.107
3251,5413.655
3248,5574.195
3243,4431.7646
3234,6602.5625
3226,4686.368
3219,5285.9688
3216,7165.6807
3206,6529.8525
3199,4664.482
3195,6506.0215
3191,4216.373
3186,6756.9697
3183,4415.583
3172,5873.6074
3165,5535.3477
3162,4231.0796
3151,6386.938
3149,5014.369
3147,6874.4565
3144,5522.698
3140,5285.736
3138,4770.2783
3128,5944.18
3127,6193.041
3125,4720.2446
3118,6826.531
3117,4847.56
3115,11477.589
3114,5146.9272
3105,6228.0576
3104,6401.9346
3100,3757.9187
3097,4903.985
3096,7344.351
3092,4114.778
3086,7486.0435
3085,5111.686
3074,4132.5835
3054,4497.0566
3050,5420.0303
3049,5706.133
3036,5819.768
3034,5940.5757
3033,4021.373
3029,3326.1338
3026,5512.3613
3020,5755.9575
3012,6711.5493
3010,3786.7222
3007,5708.2993
3006,7956.261
3001,6590.3945
2993,6739.018
2992,5583.369
2986,6060.737
2984,4131.949
2983,4775.748
2977,5040.213
2976,5453.867
2975,5724.416
2973,5274.3105
2958,4467.9224
2948,4117.044
2942,5544.7817
2933,7819.217
2924,4272.5884
2921,5787.43
2920,4411.3657
2918,4425.2144
2917,6467.1357
2902,4104.8
2895,4282.101
2890,4304.978
2863,5010.4795
2857,12546.514
2855,3721.5293
2851,5016.2466
2845,7472.4683
2843,4393.4956
2839,5474.7607
2837,4645.9565
2834,5273.8413
2833,4710.4136
2829,5909.6084
2817,6399.3506
2816,4846.919
2813,8711.276
2812,7192.1787
2809,5894.475
2802,5722.959
2798,4388.4087
2797,4433.181
2795,6416.06
2792,5352.592
2791,4617.8965
2788,4494.932
2781,5043.6885
2777,4508.5596
2767,4719.25
2766,7207.426
2762,4496.2207
2750,5940.5757
2747,4447.7163
2739,4862.76
2733,5256.819
2731,4165.527
2728,4607.308
2720,5334.8564
2718,5305.144
2711,4321.5356
2710,4962.088
2709,1861.7384
2699,7701.26
2697,8818.33
2695,4439.8794
2686,4688.9995
2683,6617.728
2680,5564.984
2668,5815.1406
2667,7590.161
2660,4762.862
2658,5788.4097
2657,6197.48
2654,7172.1
2646,7658.8203
2645,7355.142
2638,4554.269
2630,10104.307
2629,5255.3794
2625,7364.441
2621,6544.674
2616,5728.709
2615,9337.725
2613,5895.1133
2606,9389.185
2604,6884.0186
2599,4145.2354
2596,7940.6655
2591,8367.873
2586,6247.5967
2579,3986.683
2567,5388.8164
2564,3969.2603
2561,4878.8164
2544,5468.1255
2541,6278.8247
2539,3488.5332
2535,6987.572
2533,4925.0024
2531,5026.302
2529,5142.1274
2525,4025.5952
2524,8575.341
2523,8836.054
2522,7974.2686
2520,4503.703
2513,9271.674
2512,5015.3813
2507,5883.933
2488,5803.1963
2486,8097.4556
2474,4125.5713
2472,9699.035
2468,8720.758
2463,6171.547
2447,5298.237
2446,4141.0845
2437,6448.0317
2436,7264.0
2432,5385.109
2431,6430.92
2427,7529.5425
2425,9039.012
2418,8936.723
2412,6163.541
2408,5581.8535
2402,7867.373
2400,9209.855
2396,10569.991
2393,6580.319
2388,6975.4644
2380,7205.358
2375,2674.744
2371,6327.921
2363,6342.9966
2362,6691.1543
2348,8808.97
2337,4806.7676
2333,7261.287
2329,7590.161
2316,6149.4014
2309,4052.6328
2293,7874.441
2271,9539.441
2267,7273.7637
2261,9084.759
2249,3582.5005
2244,5457.947
2239,6146.131
2238,6858.2686
2237,7136.8877
2234,4162.097
2232,6074.3306
2230,9067.212
2229,3817.95
2226,9473.128
2213,7120.5723
2209,5527.321
2206,8912.788
2197,5672.793
2190,4933.1353
2183,8523.017
2181,7276.509
2178,6505.002
2173,5768.6245
2172,9615.284
2168,9367.045
2165,8631.391
2158,8558.319
2151,5258.2036
2148,7034.06
2144,10045.092
2137,4589.6606
2136,4080.5195
2133,5594.183
2124,9380.176
2121,3520.3616
2120,6258.506
2115,6874.074
2111,3834.0942
2110,6986.2
2109,3753.619
2108,6228.208
2106,5355.018
2104,8650.739
2102,3487.0493
2100,7915.7866
2095,2555.8188
2092,7617.7915
2084,6849.0796
2080,6423.118
2079,7959.525
2071,6340.0073
2063,7567.0356
2062,5710.8857
2061,6986.2
2059,6395.6846
2058,10922.314
2051,9743.215
2049,6130.5396
2042,10650.898
2030,7491.514
2026,9783.2705
1986,7783.732
1980,5757.5024
1978,4982.817
1977,6569.0005
1975,10922.314
1974,8864.555
1972,4919.8545
1970,3686.583
1966,8502.615
1962,5830.19
1961,6263.2363
1956,3965.7573
1934,5911.184
1933,8176.2295
1921,4612.6196
1912,7614.9155
1906,7472.493
1905,5644.626
1904,4269.897
1895,6089.825
1894,5581.7754
1893,8093.976
1891,7377.633
1890,6532.4507
1883,4122.4146
1880,4446.4165
1877,5556.7344
1874,3848.1511
1870,8819.453
1866,10908.354
1864,7542.747
1857,6527.9873
1853,6617.3433
1851,4370.7593
1850,3577.727
1849,6032.04
1832,3980.7341
1820,8613.102
1816,4335.539
1809,5781.6025
1807,4067.831
1800,5800.8716
1793,6331.1304
1790,3716.684
1789,4859.7607
1780,4702.517
1771,3869.4983
1767,6491.521
1759,10221.472
1754,6563.55
1744,6252.2153
1743,8081.807
1736,4729.731
1730,5743.782
1717,4129.79
1714,8295.532
1707,12116.93
1703,8996.227
1696,3575.5781
1691,5895.358
1690,4921.674
1687,5523.7764
1685,8969.602
1679,7802.777
1676,5631.849
1637,10135.496
1635,5236.0493
1629,6383.726
1627,5608.071
1626,5368.688
1622,3670.5225
1620,6228.208
1617,10775.2
1615,8247.872
1606,10852.947
1603,9148.751
1598,3910.3118
1591,4984.435
1589,5849.808
1580,3423.6536
1574,3256.317
1564,3816.843
1561,3692.3257
1559,4349.9
1558,3630.1328
1556,3781.2546
1553,3730.292
1552,4067.3696
1547,4932.844
1545,4141.514
1544,4298.7485
1536,3694.144
1534,4886.0386
1531,3414.1228
1524,4305.222
1522,4377.542
1520,3641.9631
1516,3269.8535
1515,3673.7122
1511,3328.5415
1506,3827.4485
1501,3913.9124
1496,4141.514
1487,4547.161
1481,2750.2937
1460,3407.9016
1458,4447.2397
1442,3998.1658
1437,4319.106
1429,4488.1953
1424,3222.5874
1419,4733.686
1418,3879.521
1408,4742.859
1397,4526.295
1392,4372.0474
1391,4397.058
1377,4054.9788
1372,4377.7417
1366,3869.146
1363,3960.9136
1361,5025.8735
1359,4906.391
1353,3819.9573
1350,4299.152
1341,4307.9487
1339,3825.0808
1337,3819.9573
1335,4800.9546
1329,4192.692
1323,3729.019
1315,4489.78
1308,4247.4526
1305,3527.8474
1296,3898.8206
1285,4115.1685
1283,3988.039
1271,3234.987
1253,4270.409
1247,4444.0386
1246,3310.3025
1245,4035.7034
1244,4464.3955
1242,4344.9785
1236,3849.0542
1229,4881.7837
1225,4122.715
1223,3339.0483
1219,4655.422
1208,3517.2493
1204,4345.372
1201,4667.507
1193,3346.8494
1173,4182.3037
1168,4355.3027
1155,2560.3875
1145,4025.9119
1141,3950.0269
1138,3683.6628
1118,4207.1426
1108,4307.5366
1107,3806.0479
1104,4007.256
1098,5457.2656
1097,4028.457
1093,4337.0093
1090,4030.3423
1084,4795.772
1074,3772.0752
1073,3539.2961
1070,5413.046
1064,3751.7358
1053,4141.804
1049,3847.522
1034,6032.6797
1027,4386.117
1020,3878.1978
1018,4534.7495
1013,3413.1294
1011,3967.2913
993,3747.923
992,3921.1614
990,3968.7117
988,3548.167
979,4212.4966
967,1885.298
966,4035.7832
958,3811.7097
938,3730.592
936,4793.627
933,4591.2974
923,5086.964
921,4483.405
918,3676.1406
913,3990.1187
909,3444.4277
905,3676.7664
903,4467.8247
897,4210.628
893,3233.1406
892,4040.2092
885,5273.044
884,4408.481
873,3444.4277
859,4107.9062
855,3752.901
854,3167.9211
853,4175.1733
852,4150.8516
851,4188.7495
850,4057.2764
849,4430.101
846,3781.13
841,3783.762
831,4059.2815
829,3983.9238
824,4655.209
820,4223.8057
817,3700.0508
816,4427.0957
810,3342.4448
809,3691.751
807,3849.7253
806,3351.5571
794,3998.4395
793,3250.787
789,4404.4727
787,3864.6013
777,4989.3247
776,3857.5151
774,8341.427
769,3964.1257
765,4095.767
755,4084.5305
754,4208.897
747,3459.3098
741,3820.092
738,4304.3486
698,4910.312
692,3879.2795
671,4291.5923
665,4195.599
662,4061.8967
660,6290.629
653,4789.557
651,4865.3945
650,3618.7673
642,4406.1387
637,4107.4556
635,3480.281
625,2883.6858
624,1865.7051
617,1703.2802
613,2781.8926
609,3674.2427
596,1308.3032
588,2573.5562
570,3055.916
568,2658.1184
565,4793.5234
562,4129.3477
559,4283.793
557,4065.0347
553,5163.4575
548,3864.865
547,2590.835
541,3647.098
533,2140.1775
528,1853.4065
527,2637.4917
515,1771.0168
514,1825.9744
500,1659.2872
490,1532.4447
489,2012.681
482,2645.5142
481,3088.5713
478,3126.984
476,3206.3936
469,2332.808
464,2436.6104
437,4996.4565
435,3330.9414
423,4236.109
419,1901.6295
414,2437.2983
409,1837.2324
408,1652.9769
398,2058.52
388,5855.842
385,8462.385
384,5342.1265
383,4003.5005
379,4189.3794
365,7040.095
358,2708.598
355,2315.623
354,2140.684
351,1958.1553
344,2586.2258
336,2862.1248
335,2660.867
323,1598.2948
322,1844.314
317,2136.9287
314,1968.3542
313,1439.7461
292,2768.4832
290,2425.597
288,2532.1892
286,2255.5657
282,2929.8645
270,3481.942
266,2988.7476
256,4973.4165
245,2799.9548
240,3194.89
234,3263.884
230,4824.361
227,2004.702
223,3540.7527
222,3225.9773
219,2709.0564
216,3028.6587
211,3778.3455
210,5198.925
209,2987.1377
204,4004.1377
203,3551.9114
201,4210.659
197,3516.2158
194,4014.63
192,4043.7722
190,3869.281
187,3567.024
182,4442.7056
181,3006.055
176,6463.4907
175,4365.859
169,5720.385
168,6938.1353
160,4744.377
154,6921.8213
152,4811.0044
148,5510.427
147,3361.5637
144,4173.1206
143,2261.1545
141,2978.5159
137,3938.1453
135,2967.0051
130,3693.8875
128,3002.652
118,4457.968
109,5578.653
100,5342.679
96,4414.5073
94,6141.4326
89,5177.732
84,7165.218
82,4404.1147
74,6048.068
65,7621.309
63,3822.143
59,3811.0283
57,4877.5947
48,3873.3923
45,4342.5327
42,4081.4763
41,4485.2485
35,4034.3354
33,3175.439
25,3879.3
21,2555.075
18,3143.6301
16,3433.6099
14,3617.3728
10,3524.7795
